{"stats":{"minecraft:custom":{"minecraft:time_since_rest":13517,"minecraft:crouch_one_cm":170,"minecraft:play_time":13517,"minecraft:sprint_one_cm":3962,"tombstone:undead_killed":1,"minecraft:walk_one_cm":9999,"minecraft:sneak_time":151,"minecraft:mob_kills":6,"minecraft:jump":85,"minecraft:damage_dealt":3978,"minecraft:leave_game":1,"minecraft:time_since_death":13517,"minecraft:total_world_time":13517,"minecraft:fly_one_cm":11992},"minecraft:picked_up":{"irons_spellbooks:nature_rune":2,"irons_spellbooks:scroll":5,"irons_spellbooks:rare_ink":2,"irons_spellbooks:evocation_rune":2,"minecraft:bone":2,"irons_spellbooks:legendary_ink":6,"irons_spellbooks:arcane_essence":12,"irons_spellbooks:holy_rune":1,"irons_spellbooks:epic_ink":3,"irons_spellbooks:uncommon_ink":1,"minecraft:arrow":1},"minecraft:used":{"enemyexpansion:silverhead_helmet":1,"irons_spellbooks:keeper_flamberge":26,"alexsmobs:spawn_egg_mungus":1,"enemyexpansion:meathead_helmet":2,"quark:pickarang":63},"minecraft:killed":{"minecraft:skeleton":1,"irons_spellbooks:archevoker":2,"irons_spellbooks:apothecarist":2,"irons_spellbooks:priest":1}},"DataVersion":3465}