{"stats":{"minecraft:custom":{"minecraft:time_since_rest":5742,"minecraft:crouch_one_cm":134,"minecraft:play_time":5742,"minecraft:sprint_one_cm":1201,"tombstone:undead_killed":1,"minecraft:walk_one_cm":5120,"minecraft:sneak_time":138,"minecraft:mob_kills":5,"minecraft:jump":34,"minecraft:damage_dealt":3307,"minecraft:time_since_death":5742,"minecraft:total_world_time":5742,"minecraft:fly_one_cm":8658},"minecraft:picked_up":{"irons_spellbooks:nature_rune":1,"irons_spellbooks:scroll":4,"irons_spellbooks:rare_ink":2,"irons_spellbooks:evocation_rune":2,"irons_spellbooks:legendary_ink":4,"irons_spellbooks:arcane_essence":7,"irons_spellbooks:epic_ink":2,"irons_spellbooks:uncommon_ink":1},"minecraft:used":{"enemyexpansion:silverhead_helmet":1,"irons_spellbooks:keeper_flamberge":19,"alexsmobs:spawn_egg_mungus":1,"enemyexpansion:meathead_helmet":2,"quark:pickarang":63},"minecraft:killed":{"minecraft:skeleton":1,"irons_spellbooks:archevoker":2,"irons_spellbooks:apothecarist":2}},"DataVersion":3465}