{"stats":{"minecraft:custom":{"minecraft:jump":60,"minecraft:time_since_rest":3216,"minecraft:damage_dealt":39,"minecraft:leave_game":1,"minecraft:deaths":2,"minecraft:sprint_one_cm":7287,"minecraft:play_time":5276,"minecraft:damage_taken":520,"minecraft:time_since_death":3526,"minecraft:walk_one_cm":5009,"minecraft:sneak_time":7,"minecraft:total_world_time":5276,"minecraft:fall_one_cm":1659,"minecraft:fly_one_cm":10860},"minecraft:mined":{"biomesoplenty:maple_leaves":4},"minecraft:killed_by":{"enemyexpansion:direwolf":1,"alexsmobs:farseer":1}},"DataVersion":3465}