{"stats":{"minecraft:custom":{"minecraft:time_since_rest":34722,"minecraft:open_chest":4,"minecraft:crouch_one_cm":17,"minecraft:sprint_one_cm":4216,"minecraft:play_time":34722,"minecraft:walk_one_cm":2995,"minecraft:sneak_time":234,"minecraft:walk_under_water_one_cm":732,"minecraft:mob_kills":4,"minecraft:jump":40,"minecraft:damage_dealt":200,"minecraft:leave_game":3,"minecraft:walk_on_water_one_cm":524,"minecraft:time_since_death":34722,"minecraft:total_world_time":34722,"minecraft:fly_one_cm":144070},"minecraft:used":{"alexsmobs:spawn_egg_farseer":2,"alexsmobs:spawn_egg_blue_jay":1,"minecraft:white_wool":4,"alexsmobs:spawn_egg_devils_hole_pupfish":8,"alexsmobs:spawn_egg_potoo":8,"quark:flamerang":12,"enemyexpansion:intruder_spawn_egg":5,"alexsmobs:spawn_egg_cachalot_whale":1},"minecraft:killed":{"minecraft:sheep":1,"alexsmobs:crow":1,"enemyexpansion:direwolf":1,"enemyexpansion:wasp":1},"minecraft:picked_up":{"minecraft:mutton":1,"minecraft:white_wool":1}},"DataVersion":3465}