{"stats":{"minecraft:custom":{"minecraft:time_since_rest":25213,"minecraft:open_chest":4,"minecraft:crouch_one_cm":17,"minecraft:sprint_one_cm":3637,"minecraft:play_time":25213,"minecraft:walk_one_cm":2380,"minecraft:sneak_time":75,"minecraft:walk_under_water_one_cm":732,"minecraft:mob_kills":4,"minecraft:jump":32,"minecraft:damage_dealt":200,"minecraft:leave_game":2,"minecraft:time_since_death":25213,"minecraft:walk_on_water_one_cm":524,"minecraft:total_world_time":25213,"minecraft:fly_one_cm":72574},"minecraft:used":{"alexsmobs:spawn_egg_blue_jay":1,"quark:flamerang":12,"enemyexpansion:intruder_spawn_egg":1,"alexsmobs:spawn_egg_cachalot_whale":1},"minecraft:killed":{"minecraft:sheep":1,"alexsmobs:crow":1,"enemyexpansion:direwolf":1,"enemyexpansion:wasp":1},"minecraft:picked_up":{"minecraft:mutton":1,"minecraft:white_wool":1}},"DataVersion":3465}