{"stats":{"minecraft:custom":{"minecraft:jump":24,"minecraft:time_since_rest":20707,"minecraft:damage_dealt":160,"minecraft:leave_game":1,"minecraft:sprint_one_cm":2887,"minecraft:play_time":20707,"minecraft:time_since_death":20707,"minecraft:walk_one_cm":947,"minecraft:sneak_time":9,"minecraft:total_world_time":20707,"minecraft:mob_kills":4,"minecraft:fly_one_cm":23771},"minecraft:used":{"quark:flamerang":10,"enemyexpansion:intruder_spawn_egg":1},"minecraft:killed":{"minecraft:sheep":1,"enemyexpansion:direwolf":1,"alexsmobs:crow":1,"enemyexpansion:wasp":1},"minecraft:picked_up":{"minecraft:mutton":1,"minecraft:white_wool":1}},"DataVersion":3465}