{"stats":{"minecraft:killed":{"minecraft:skeleton":1,"minecraft:zombie":2,"aquamirae:spinefish":1,"aquamirae:maze_mother":1,"minecraft:creeper":1,"minecraft:cow":2},"minecraft:custom":{"minecraft:time_since_rest":145023,"minecraft:sprint_one_cm":4794,"minecraft:walk_one_cm":24422,"minecraft:mob_kills":8,"minecraft:drop":1,"minecraft:damage_dealt":6156,"minecraft:fly_one_cm":160487,"minecraft:crouch_one_cm":441,"minecraft:play_time":181741,"tombstone:undead_killed":3,"minecraft:sneak_time":429,"minecraft:jump":123,"minecraft:leave_game":4,"minecraft:time_since_death":181741,"minecraft:sleep_in_bed":1,"minecraft:total_world_time":181741},"minecraft:picked_up":{"minecraft:leather":2,"aquamirae:spinefish":1,"aquamirae:abyssal_amethyst":2,"minecraft:white_bed":1,"minecraft:gunpowder":2,"minecraft:prismarine_crystals":18,"aquamirae:sharp_bones":10,"minecraft:rotten_flesh":3,"minecraft:beef":2},"minecraft:used":{"alexsmobs:spawn_egg_mungus":5,"irons_spellbooks:priest_spawn_egg":1,"irons_spellbooks:archevoker_spawn_egg":4,"elevatorid:elevator_magenta":6,"aquamirae:whisper_of_the_abyss":97,"minecraft:oak_planks":9,"alexsmobs:spawn_egg_devils_hole_pupfish":2,"irons_spellbooks:apothecarist_spawn_egg":3,"enemyexpansion:vampbiter_spawn_egg":1,"aquamirae:spinefish":1,"aquamirae:maze_mother_spawn_egg":1,"irons_spellbooks:pyromancer_spawn_egg":1,"aquamirae:spinefish_spawn_egg":2,"chococraft:flame_chocobo_spawn_egg":1,"enemyexpansion:botfly_spawn_egg":1,"minecraft:white_bed":1,"aquamirae:captain_cornelia_spawn_egg":1},"minecraft:dropped":{"minecraft:white_bed":1}},"DataVersion":3465}