{"stats":{"minecraft:killed":{"aquamirae:maze_mother":1,"minecraft:skeleton":1,"minecraft:zombie":2,"aquamirae:spinefish":1,"minecraft:creeper":1,"minecraft:cow":2},"minecraft:custom":{"minecraft:time_since_rest":31741,"minecraft:crouch_one_cm":310,"minecraft:walk_one_cm":18685,"minecraft:sprint_one_cm":3387,"minecraft:play_time":31741,"tombstone:undead_killed":3,"minecraft:sneak_time":155,"minecraft:mob_kills":8,"minecraft:jump":86,"minecraft:damage_dealt":6156,"minecraft:leave_game":4,"minecraft:time_since_death":31741,"minecraft:total_world_time":31741,"minecraft:fly_one_cm":122115},"minecraft:picked_up":{"minecraft:rotten_flesh":3,"minecraft:leather":2,"aquamirae:spinefish":1,"minecraft:beef":2,"aquamirae:abyssal_amethyst":2,"minecraft:gunpowder":2,"aquamirae:sharp_bones":10,"minecraft:prismarine_crystals":18},"minecraft:used":{"irons_spellbooks:pyromancer_spawn_egg":1,"alexsmobs:spawn_egg_mungus":5,"irons_spellbooks:priest_spawn_egg":1,"irons_spellbooks:archevoker_spawn_egg":4,"aquamirae:whisper_of_the_abyss":97,"aquamirae:spinefish_spawn_egg":2,"enemyexpansion:botfly_spawn_egg":1,"alexsmobs:spawn_egg_devils_hole_pupfish":2,"irons_spellbooks:apothecarist_spawn_egg":3,"aquamirae:captain_cornelia_spawn_egg":1,"enemyexpansion:vampbiter_spawn_egg":1,"aquamirae:maze_mother_spawn_egg":1,"aquamirae:spinefish":1}},"DataVersion":3465}