{"stats":{"minecraft:custom":{"minecraft:jump":6,"minecraft:time_since_rest":12951,"minecraft:leave_game":1,"minecraft:play_time":12951,"minecraft:time_since_death":12951,"minecraft:walk_one_cm":311,"minecraft:sneak_time":19,"minecraft:total_world_time":12951,"minecraft:fly_one_cm":4665},"minecraft:used":{"irons_spellbooks:pyromancer_spawn_egg":1,"enemyexpansion:botfly_spawn_egg":1,"alexsmobs:spawn_egg_devils_hole_pupfish":2,"irons_spellbooks:priest_spawn_egg":1,"irons_spellbooks:apothecarist_spawn_egg":3,"alexsmobs:spawn_egg_mungus":5,"irons_spellbooks:archevoker_spawn_egg":4,"enemyexpansion:vampbiter_spawn_egg":1}},"DataVersion":3465}