{"stats":{"minecraft:custom":{"minecraft:time_since_rest":13186,"minecraft:sprint_one_cm":2864,"minecraft:play_time":13186,"minecraft:walk_one_cm":1813,"minecraft:jump":39,"minecraft:leave_game":3,"minecraft:time_since_death":13186,"minecraft:total_world_time":13186,"minecraft:climb_one_cm":450,"minecraft:interact_with_crafting_table":1,"minecraft:fall_one_cm":894,"minecraft:fly_one_cm":6439},"minecraft:mined":{"minecraft:grass_block":1,"minecraft:jungle_log":5,"minecraft:dirt":6,"minecraft:jungle_leaves":2,"minecraft:stone":2,"minecraft:oak_leaves":3},"minecraft:crafted":{"minecraft:crafting_table":1,"minecraft:stick":12,"minecraft:jungle_planks":20,"minecraft:wooden_pickaxe":1},"minecraft:used":{"minecraft:crafting_table":1,"minecraft:wooden_pickaxe":2},"minecraft:picked_up":{"minecraft:jungle_log":5,"minecraft:dirt":7,"minecraft:cobblestone":2}},"DataVersion":3465}