{"stats":{"minecraft:killed":{"minecraft:skeleton":1,"aquamirae:spinefish":1},"minecraft:custom":{"minecraft:time_since_rest":19741,"minecraft:crouch_one_cm":140,"minecraft:walk_one_cm":5839,"minecraft:sprint_one_cm":2128,"minecraft:play_time":19741,"tombstone:undead_killed":1,"minecraft:sneak_time":63,"minecraft:mob_kills":2,"minecraft:jump":29,"minecraft:damage_dealt":400,"minecraft:leave_game":4,"minecraft:time_since_death":19741,"minecraft:total_world_time":19741,"minecraft:fly_one_cm":41519},"minecraft:picked_up":{"aquamirae:spinefish":1},"minecraft:used":{"irons_spellbooks:pyromancer_spawn_egg":1,"alexsmobs:spawn_egg_mungus":5,"irons_spellbooks:priest_spawn_egg":1,"irons_spellbooks:archevoker_spawn_egg":4,"aquamirae:whisper_of_the_abyss":5,"aquamirae:spinefish_spawn_egg":2,"enemyexpansion:botfly_spawn_egg":1,"alexsmobs:spawn_egg_devils_hole_pupfish":2,"irons_spellbooks:apothecarist_spawn_egg":3,"enemyexpansion:vampbiter_spawn_egg":1,"aquamirae:spinefish":1}},"DataVersion":3465}