{
  "biomesoplenty:biomesoplenty/all_biomes": {
    "criteria": {
      "maple_woods": "2024-07-29 05:37:27 +0000"
    },
    "done": false
  },
  "minecraft:adventure/root": {
    "criteria": {
      "killed_something": "2024-07-29 05:40:20 +0000"
    },
    "done": true
  },
  "minecraft:adventure/kill_all_mobs": {
    "criteria": {
      "minecraft:skeleton": "2024-07-29 05:41:57 +0000"
    },
    "done": false
  },
  "minecraft:adventure/kill_a_mob": {
    "criteria": {
      "minecraft:skeleton": "2024-07-29 05:41:57 +0000"
    },
    "done": true
  },
  "quark:throw_pickarang": {
    "criteria": {
      "throw_pickarang": "2024-07-29 05:39:48 +0000"
    },
    "done": true
  },
  "tombstone:adventure/root": {
    "criteria": {
      "auto": "2024-07-29 05:37:27 +0000"
    },
    "done": true
  },
  "irons_spellbooks:grant_patchouli": {
    "criteria": {
      "tick": "2024-07-29 05:37:27 +0000"
    },
    "done": true
  },
  "irons_spellbooks:irons_spellbooks/ink_root": {
    "criteria": {
      "requirement": "2024-07-29 05:40:20 +0000"
    },
    "done": true
  },
  "biomesoplenty:biomesoplenty/root": {
    "criteria": {
      "maple_woods": "2024-07-29 05:37:27 +0000"
    },
    "done": true
  },
  "irons_spellbooks:irons_spellbooks/ink_legendary": {
    "criteria": {
      "requirement": "2024-07-29 05:41:40 +0000"
    },
    "done": true
  },
  "DataVersion": 3465
}