{
  "biomesoplenty:biomesoplenty/all_biomes": {
    "criteria": {
      "scrubland": "2024-07-29 05:46:15 +0000",
      "maple_woods": "2024-07-29 05:37:52 +0000"
    },
    "done": false
  },
  "alexsmobs:alexsmobs/shattered_dimensional_carver": {
    "criteria": {
      "dimensional_carver": "2024-07-29 05:45:45 +0000"
    },
    "done": true
  },
  "minecraft:adventure/adventuring_time": {
    "criteria": {
      "minecraft:savanna": "2024-07-29 05:46:04 +0000"
    },
    "done": false
  },
  "tombstone:adventure/root": {
    "criteria": {
      "auto": "2024-07-29 05:37:52 +0000"
    },
    "done": true
  },
  "irons_spellbooks:grant_patchouli": {
    "criteria": {
      "tick": "2024-07-29 05:37:51 +0000"
    },
    "done": true
  },
  "biomesoplenty:biomesoplenty/root": {
    "criteria": {
      "maple_woods": "2024-07-29 05:37:52 +0000"
    },
    "done": true
  },
  "DataVersion": 3465
}