{
  "irons_spellbooks:grant_patchouli": {
    "criteria": {
      "tick": "2024-07-29 05:37:51 +0000"
    },
    "done": true
  },
  "biomesoplenty:biomesoplenty/all_biomes": {
    "criteria": {
      "woodland": "2024-07-31 04:17:27 +0000",
      "scrubland": "2024-07-29 05:46:15 +0000",
      "maple_woods": "2024-07-29 05:37:52 +0000",
      "mediterranean_forest": "2024-07-31 04:02:01 +0000",
      "volcano": "2024-07-31 04:17:26 +0000"
    },
    "done": false
  },
  "tombstone:adventure/root": {
    "criteria": {
      "auto": "2024-07-29 05:37:52 +0000"
    },
    "done": true
  },
  "biomesoplenty:biomesoplenty/root": {
    "criteria": {
      "maple_woods": "2024-07-29 05:37:52 +0000"
    },
    "done": true
  },
  "alexsmobs:alexsmobs/shattered_dimensional_carver": {
    "criteria": {
      "dimensional_carver": "2024-07-29 05:45:45 +0000"
    },
    "done": true
  },
  "minecraft:adventure/adventuring_time": {
    "criteria": {
      "minecraft:stony_peaks": "2024-07-31 04:17:25 +0000",
      "minecraft:sparse_jungle": "2024-07-31 04:13:44 +0000",
      "minecraft:river": "2024-07-31 04:14:04 +0000",
      "minecraft:jungle": "2024-07-31 04:14:05 +0000",
      "minecraft:savanna": "2024-07-29 05:46:04 +0000",
      "minecraft:plains": "2024-07-29 06:31:12 +0000"
    },
    "done": false
  },
  "minecraft:adventure/root": {
    "criteria": {
      "killed_something": "2024-07-31 04:03:05 +0000"
    },
    "done": true
  },
  "aquamirae:recipes/spinefish": {
    "criteria": {
      "has_item": "2024-07-31 04:03:06 +0000"
    },
    "done": true
  },
  "minecraft:husbandry/root": {
    "criteria": {
      "consumed_item": "2024-07-31 04:03:09 +0000"
    },
    "done": true
  },
  "minecraft:adventure/kill_all_mobs": {
    "criteria": {
      "minecraft:skeleton": "2024-07-31 04:03:15 +0000",
      "minecraft:creeper": "2024-07-31 04:08:24 +0000",
      "minecraft:zombie": "2024-07-31 04:08:21 +0000"
    },
    "done": false
  },
  "minecraft:adventure/kill_a_mob": {
    "criteria": {
      "minecraft:skeleton": "2024-07-31 04:03:15 +0000"
    },
    "done": true
  },
  "minecraft:adventure/sleep_in_bed": {
    "criteria": {
      "slept_in_bed": "2024-07-31 04:19:33 +0000"
    },
    "done": true
  },
  "aquamirae:recipes/sharp_bones": {
    "criteria": {
      "has_item": "2024-07-31 04:06:28 +0000"
    },
    "done": true
  },
  "aquamirae:recipes/abyssal_amethyst": {
    "criteria": {
      "has_item": "2024-07-31 04:06:28 +0000"
    },
    "done": true
  },
  "DataVersion": 3465
}